{
    "products":[
       {
          "id":1,
          "category":"T-shirt",
          "name":"Men's Polo T-shirt",
          "brand":"Nike",
          "color":"Green",
          "size":"M",
          "price":29.99,
          "description":"Classic Polo T-shirt from Nike in green color, available in medium size.",
          "image_url":"https://example.com/images/nike_polo_green.jpg",
          "shop_url":"https://example.com/shop/product/1"
       },
       {
          "id":2,
          "category":"T-shirt",
          "name":"Women's Round Neck T-shirt",
          "brand":"Adidas",
          "color":"Black",
          "size":"S",
          "price":19.99,
          "description":"Comfortable black Round Neck T-shirt for women by Adidas, available in small size.",
          "image_url":"https://example.com/images/adidas_round_neck_black.jpg",
          "shop_url":"https://example.com/shop/product/2"
       },
       {
          "id":3,
          "category":"Footwear",
          "name":"Running Shoes",
          "brand":"New Balance",
          "color":"Gray",
          "size":"10",
          "price":79.99,
          "description":"High-performance gray running shoes from New Balance in size 10.",
          "image_url":"https://example.com/images/new_balance_running_gray.jpg",
          "shop_url":"https://example.com/shop/product/3"
       },
       {
          "id":4,
          "category":"Footwear",
          "name":"Women's Sandals",
          "brand":"Skechers",
          "color":"Blue",
          "size":"7",
          "price":34.99,
          "description":"Comfortable blue sandals for women by Skechers in size 7.",
          "image_url":"https://example.com/images/skechers_sandals_blue.jpg",
          "shop_url":"https://example.com/shop/product/4"
       },
       {
          "id":5,
          "category":"Perfume",
          "name":"Floral Eau de Parfum",
          "brand":"Chanel",
          "scent":"Floral",
          "gender":"Women",
          "price":89.99,
          "description":"Chanel's signature floral scent for women.",
          "image_url":"https://example.com/images/chanel_floral_perfume.jpg",
          "shop_url":"https://example.com/shop/product/5"
       },
       {
          "id":6,
          "category":"Perfume",
          "name":"Woody Cologne",
          "brand":"Dior",
          "scent":"Woody",
          "gender":"Men",
          "price":74.99,
          "description":"Elegant woody cologne for men by Dior.",
          "image_url":"https://example.com/images/dior_woody_cologne.jpg",
          "shop_url":"https://example.com/shop/product/6"
       },
       {
          "id":7,
          "category":"Purse",
          "name":"Leather Crossbody Bag",
          "brand":"Coach",
          "color":"Brown",
          "occasion":"Everyday",
          "price":129.99,
          "description":"Stylish brown leather crossbody bag for everyday use by Coach.",
          "image_url":"https://example.com/images/coach_crossbody_brown.jpg",
          "shop_url":"https://example.com/shop/product/7"
       },
       {
          "id":8,
          "category":"Purse",
          "name":"Designer Clutch",
          "brand":"Gucci",
          "color":"Black",
          "occasion":"Evening",
          "price":299.99,
          "description":"Elegant black Gucci clutch for special evening occasions.",
          "image_url":"https://example.com/images/gucci_clutch_black.jpg",
          "shop_url":"https://example.com/shop/product/8"
       },
       {
          "id":9,
          "category":"T-shirt",
          "name":"Men's Round Neck T-shirt",
          "brand":"Adidas",
          "color":"Blue",
          "size":"L",
          "price":24.99,
          "description":"Comfortable blue Round Neck T-shirt for men by Adidas, available in large size.",
          "image_url":"https://example.com/images/adidas_round_neck_blue.jpg",
          "shop_url":"https://example.com/shop/product/9"
       },
       {
          "id":10,
          "category":"Footwear",
          "name":"Casual Sneakers",
          "brand":"Converse",
          "color":"Black",
          "size":"9",
          "price":49.99,
          "description":"Classic black casual sneakers by Converse, available in size 9.",
          "image_url":"https://example.com/images/converse_sneakers_black.jpg",
          "shop_url":"https://example.com/shop/product/10"
       },
       {
          "id":11,
          "category":"T-shirt",
          "name":"Women's V-neck T-shirt",
          "brand":"Puma",
          "color":"Pink",
          "size":"M",
          "price":21.99,
          "description":"Stylish pink V-neck T-shirt for women by Puma, available in medium size.",
          "image_url":"https://example.com/images/puma_vneck_pink.jpg",
          "shop_url":"https://example.com/shop/product/11"
       },
       {
          "id":12,
          "category":"Footwear",
          "name":"Running Shoes",
          "brand":"Asics",
          "color":"Blue",
          "size":"11",
          "price":84.99,
          "description":"Performance-oriented blue running shoes from Asics in size 11.",
          "image_url":"https://example.com/images/asics_running_blue.jpg",
          "shop_url":"https://example.com/shop/product/12"
       },
       {
          "id":13,
          "category":"Perfume",
          "name":"Citrus Eau de Toilette",
          "brand":"Calvin Klein",
          "scent":"Citrus",
          "gender":"Unisex",
          "price":59.99,
          "description":"Refreshing citrus scent for both men and women by Calvin Klein.",
          "image_url":"https://example.com/images/calvin_klein_citrus_perfume.jpg",
          "shop_url":"https://example.com/shop/product/13"
       },
       {
          "id":14,
          "category":"Perfume",
          "name":"Spicy Cologne",
          "brand":"Armani",
          "scent":"Spicy",
          "gender":"Men",
          "price":69.99,
          "description":"Bold and spicy cologne for men by Armani.",
          "image_url":"https://example.com/images/armani_spicy_cologne.jpg",
          "shop_url":"https://example.com/shop/product/14"
       },
       {
          "id":15,
          "category":"Purse",
          "name":"Shoulder Bag",
          "brand":"Michael Kors",
          "color":"Red",
          "occasion":"Work",
          "price":189.99,
          "description":"Elegant red shoulder bag for work by Michael Kors.",
          "image_url":"https://example.com/images/michael_kors_shoulder_red.jpg",
          "shop_url":"https://example.com/shop/product/15"
       },
       {
          "id":16,
          "category":"Purse",
          "name":"Designer Tote Bag",
          "brand":"Louis Vuitton",
          "color":"Brown",
          "occasion":"Everyday",
          "price":499.99,
          "description":"Luxurious brown designer tote bag for everyday use by Louis Vuitton.",
          "image_url":"https://example.com/images/louis_vuitton_tote_brown.jpg",
          "shop_url":"https://example.com/shop/product/16"
       },
       {
          "id":17,
          "category":"T-shirt",
          "name":"Men's Polo T-shirt",
          "brand":"Nike",
          "color":"Black",
          "size":"L",
          "price":29.99,
          "description":"Classic Polo T-shirt from Nike in black color, available in large size.",
          "image_url":"https://example.com/images/nike_polo_black.jpg",
          "shop_url":"https://example.com/shop/product/17"
       },
       {
          "id":18,
          "category":"Footwear",
          "name":"Sneakers",
          "brand":"Reebok",
          "color":"White",
          "size":"8",
          "price":59.99,
          "description":"Stylish white sneakers by Reebok, available in size 8.",
          "image_url":"https://example.com/images/reebok_sneakers_white.jpg",
          "shop_url":"https://example.com/shop/product/18"
       },
       {
          "id":19,
          "category":"T-shirt",
          "name":"Women's Round Neck T-shirt",
          "brand":"Adidas",
          "color":"Gray",
          "size":"S",
          "price":19.99,
          "description":"Comfortable gray Round Neck T-shirt for women by Adidas, available in small size.",
          "image_url":"https://example.com/images/adidas_round_neck_gray.jpg",
          "shop_url":"https://example.com/shop/product/19"
       },
       {
          "id":20,
          "category":"Footwear",
          "name":"Running Shoes",
          "brand":"New Balance",
          "color":"Black",
          "size":"9",
          "price":79.99,
          "description":"High-performance black running shoes from New Balance in size 9.",
          "image_url":"https://example.com/images/new_balance_running_black.jpg",
          "shop_url":"https://example.com/shop/product/20"
       },
       {
          "id":21,
          "category":"Perfume",
          "name":"Floral Eau de Parfum",
          "brand":"Chanel",
          "scent":"Floral",
          "gender":"Women",
          "price":89.99,
          "description":"Chanel's signature floral scent for women.",
          "image_url":"https://example.com/images/chanel_floral_perfume.jpg",
          "shop_url":"https://example.com/shop/product/21"
       },
       {
          "id":22,
          "category":"Perfume",
          "name":"Woody Cologne",
          "brand":"Dior",
          "scent":"Woody",
          "gender":"Men",
          "price":74.99,
          "description":"Elegant woody cologne for men by Dior.",
          "image_url":"https://example.com/images/dior_woody_cologne.jpg",
          "shop_url":"https://example.com/shop/product/22"
       },
       {
          "id":23,
          "category":"Purse",
          "name":"Leather Crossbody Bag",
          "brand":"Coach",
          "color":"Brown",
          "occasion":"Everyday",
          "price":129.99,
          "description":"Stylish brown leather crossbody bag for everyday use by Coach.",
          "image_url":"https://example.com/images/coach_crossbody_brown.jpg",
          "shop_url":"https://example.com/shop/product/23"
       },
       {
          "id":24,
          "category":"Purse",
          "name":"Designer Clutch",
          "brand":"Gucci",
          "color":"Black",
          "occasion":"Evening",
          "price":299.99,
          "description":"Elegant black Gucci clutch for special evening occasions.",
          "image_url":"https://example.com/images/gucci_clutch_black.jpg",
          "shop_url":"https://example.com/shop/product/24"
       },
       {
          "id":25,
          "category":"T-shirt",
          "name":"Men's Round Neck T-shirt",
          "brand":"Adidas",
          "color":"Blue",
          "size":"L",
          "price":24.99,
          "description":"Comfortable blue Round Neck T-shirt for men by Adidas, available in large size.",
          "image_url":"https://example.com/images/adidas_round_neck_blue.jpg",
          "shop_url":"https://example.com/shop/product/25"
       },
       {
          "id":26,
          "category":"Footwear",
          "name":"Casual Sneakers",
          "brand":"Converse",
          "color":"Black",
          "size":"9",
          "price":49.99,
          "description":"Classic black casual sneakers by Converse, available in size 9.",
          "image_url":"https://example.com/images/converse_sneakers_black.jpg",
          "shop_url":"https://example.com/shop/product/26"
       },
       {
          "id":27,
          "category":"T-shirt",
          "name":"Women's V-neck T-shirt",
          "brand":"Puma",
          "color":"Pink",
          "size":"M",
          "price":21.99,
          "description":"Stylish pink V-neck T-shirt for women by Puma, available in medium size.",
          "image_url":"https://example.com/images/puma_vneck_pink.jpg",
          "shop_url":"https://example.com/shop/product/27"
       },
       {
          "id":28,
          "category":"Footwear",
          "name":"Running Shoes",
          "brand":"Asics",
          "color":"Blue",
          "size":"11",
          "price":84.99,
          "description":"Performance-oriented blue running shoes from Asics in size 11.",
          "image_url":"https://example.com/images/asics_running_blue.jpg",
          "shop_url":"https://example.com/shop/product/28"
       },
       {
          "id":29,
          "category":"Perfume",
          "name":"Citrus Eau de Toilette",
          "brand":"Calvin Klein",
          "scent":"Citrus",
          "gender":"Unisex",
          "price":59.99,
          "description":"Refreshing citrus scent for both men and women by Calvin Klein.",
          "image_url":"https://example.com/images/calvin_klein_citrus_perfume.jpg",
          "shop_url":"https://example.com/shop/product/29"
       },
       {
          "id":30,
          "category":"Perfume",
          "name":"Spicy Cologne",
          "brand":"Armani",
          "scent":"Spicy",
          "gender":"Men",
          "price":69.99,
          "description":"Bold and spicy cologne for men by Armani.",
          "image_url":"https://example.com/images/armani_spicy_cologne.jpg",
          "shop_url":"https://example.com/shop/product/30"
       },
       {
          "id":31,
          "category":"Purse",
          "name":"Shoulder Bag",
          "brand":"Michael Kors",
          "color":"Red",
          "occasion":"Work",
          "price":189.99,
          "description":"Elegant red shoulder bag for work by Michael Kors.",
          "image_url":"https://example.com/images/michael_kors_shoulder_red.jpg",
          "shop_url":"https://example.com/shop/product/31"
       },
       {
          "id":32,
          "category":"Purse",
          "name":"Designer Tote Bag",
          "brand":"Louis Vuitton",
          "color":"Brown",
          "occasion":"Everyday",
          "price":499.99,
          "description":"Luxurious brown designer tote bag for everyday use by Louis Vuitton.",
          "image_url":"https://example.com/images/louis_vuitton_tote_brown.jpg",
          "shop_url":"https://example.com/shop/product/32"
       },
       {
          "id":33,
          "category":"T-shirt",
          "name":"Men's Polo T-shirt",
          "brand":"Nike",
          "color":"Black",
          "size":"L",
          "price":29.99,
          "description":"Classic Polo T-shirt from Nike in black color, available in large size.",
          "image_url":"https://example.com/images/nike_polo_black.jpg",
          "shop_url":"https://example.com/shop/product/33"
       },
       {
          "id":34,
          "category":"Footwear",
          "name":"Sneakers",
          "brand":"Reebok",
          "color":"White",
          "size":"8",
          "price":59.99,
          "description":"Stylish white sneakers by Reebok, available in size 8.",
          "image_url":"https://example.com/images/reebok_sneakers_white.jpg",
          "shop_url":"https://example.com/shop/product/34"
       },
       {
          "id":35,
          "category":"T-shirt",
          "name":"Women's Round Neck T-shirt",
          "brand":"Adidas",
          "color":"Gray",
          "size":"S",
          "price":19.99,
          "description":"Comfortable gray Round Neck T-shirt for women by Adidas, available in small size.",
          "image_url":"https://example.com/images/adidas_round_neck_gray.jpg",
          "shop_url":"https://example.com/shop/product/35"
       },
       {
          "id":36,
          "category":"Footwear",
          "name":"Running Shoes",
          "brand":"New Balance",
          "color":"Black",
          "size":"9",
          "price":79.99,
          "description":"High-performance black running shoes from New Balance in size 9.",
          "image_url":"https://example.com/images/new_balance_running_black.jpg",
          "shop_url":"https://example.com/shop/product/36"
       },
       {
          "id":37,
          "category":"Perfume",
          "name":"Floral Eau de Parfum",
          "brand":"Chanel",
          "scent":"Floral",
          "gender":"Women",
          "price":89.99,
          "description":"Chanel's signature floral scent for women.",
          "image_url":"https://example.com/images/chanel_floral_perfume.jpg",
          "shop_url":"https://example.com/shop/product/37"
       },
       {
          "id":38,
          "category":"Perfume",
          "name":"Woody Cologne",
          "brand":"Dior",
          "scent":"Woody",
          "gender":"Men",
          "price":74.99,
          "description":"Elegant woody cologne for men by Dior.",
          "image_url":"https://example.com/images/dior_woody_cologne.jpg",
          "shop_url":"https://example.com/shop/product/38"
       },
       {
          "id":39,
          "category":"Purse",
          "name":"Leather Crossbody Bag",
          "brand":"Coach",
          "color":"Brown",
          "occasion":"Everyday",
          "price":129.99,
          "description":"Stylish brown leather crossbody bag for everyday use by Coach.",
          "image_url":"https://example.com/images/coach_crossbody_brown.jpg",
          "shop_url":"https://example.com/shop/product/39"
       },
       {
          "id":40,
          "category":"Purse",
          "name":"Designer Clutch",
          "brand":"Gucci",
          "color":"Black",
          "occasion":"Evening",
          "price":299.99,
          "description":"Elegant black Gucci clutch for special evening occasions.",
          "image_url":"https://example.com/images/gucci_clutch_black.jpg",
          "shop_url":"https://example.com/shop/product/40"
       },
       {
          "id":41,
          "category":"T-shirt",
          "name":"Men's Round Neck T-shirt",
          "brand":"Adidas",
          "color":"Blue",
          "size":"L",
          "price":24.99,
          "description":"Comfortable blue Round Neck T-shirt for men by Adidas, available in large size.",
          "image_url":"https://example.com/images/adidas_round_neck_blue.jpg",
          "shop_url":"https://example.com/shop/product/41"
       },
       {
          "id":42,
          "category":"Footwear",
          "name":"Casual Sneakers",
          "brand":"Converse",
          "color":"Black",
          "size":"9",
          "price":49.99,
          "description":"Classic black casual sneakers by Converse, available in size 9.",
          "image_url":"https://example.com/images/converse_sneakers_black.jpg",
          "shop_url":"https://example.com/shop/product/42"
       },
       {
          "id":43,
          "category":"T-shirt",
          "name":"Women's V-neck T-shirt",
          "brand":"Puma",
          "color":"Pink",
          "size":"M",
          "price":21.99,
          "description":"Stylish pink V-neck T-shirt for women by Puma, available in medium size.",
          "image_url":"https://example.com/images/puma_vneck_pink.jpg",
          "shop_url":"https://example.com/shop/product/43"
       },
       {
          "id":44,
          "category":"Footwear",
          "name":"Running Shoes",
          "brand":"Asics",
          "color":"Blue",
          "size":"11",
          "price":84.99,
          "description":"Performance-oriented blue running shoes from Asics in size 11.",
          "image_url":"https://example.com/images/asics_running_blue.jpg",
          "shop_url":"https://example.com/shop/product/44"
       },
       {
          "id":45,
          "category":"Perfume",
          "name":"Citrus Eau de Toilette",
          "brand":"Calvin Klein",
          "scent":"Citrus",
          "gender":"Unisex",
          "price":59.99,
          "description":"Refreshing citrus scent for both men and women by Calvin Klein.",
          "image_url":"https://example.com/images/calvin_klein_citrus_perfume.jpg",
          "shop_url":"https://example.com/shop/product/45"
       },
       {
          "id":46,
          "category":"Perfume",
          "name":"Spicy Cologne",
          "brand":"Armani",
          "scent":"Spicy",
          "gender":"Men",
          "price":69.99,
          "description":"Bold and spicy cologne for men by Armani.",
          "image_url":"https://example.com/images/armani_spicy_cologne.jpg",
          "shop_url":"https://example.com/shop/product/46"
       },
       {
          "id":47,
          "category":"Purse",
          "name":"Shoulder Bag",
          "brand":"Michael Kors",
          "color":"Red",
          "occasion":"Work",
          "price":189.99,
          "description":"Elegant red shoulder bag for work by Michael Kors.",
          "image_url":"https://example.com/images/michael_kors_shoulder_red.jpg",
          "shop_url":"https://example.com/shop/product/47"
       },
       {
          "id":48,
          "category":"Purse",
          "name":"Designer Tote Bag",
          "brand":"Louis Vuitton",
          "color":"Brown",
          "occasion":"Everyday",
          "price":499.99,
          "description":"Luxurious brown designer tote bag for everyday use by Louis Vuitton.",
          "image_url":"https://example.com/images/louis_vuitton_tote_brown.jpg",
          "shop_url":"https://example.com/shop/product/48"
       },
       {
          "id":49,
          "category":"T-shirt",
          "name":"Men's Polo T-shirt",
          "brand":"Nike",
          "color":"Black",
          "size":"L",
          "price":29.99,
          "description":"Classic Polo T-shirt from Nike in black color, available in large size.",
          "image_url":"https://example.com/images/nike_polo_black.jpg",
          "shop_url":"https://example.com/shop/product/49"
       },
       {
          "id":50,
          "category":"Footwear",
          "name":"Sneakers",
          "brand":"Reebok",
          "color":"White",
          "size":"8",
          "price":59.99,
          "description":"Stylish white sneakers by Reebok, available in size 8.",
          "image_url":"https://example.com/images/reebok_sneakers_white.jpg",
          "shop_url":"https://example.com/shop/product/50"
       },
       {
          "id":51,
          "category":"T-shirt",
          "name":"Women's Round Neck T-shirt",
          "brand":"Adidas",
          "color":"Gray",
          "size":"S",
          "price":19.99,
          "description":"Comfortable gray Round Neck T-shirt for women by Adidas, available in small size.",
          "image_url":"https://example.com/images/adidas_round_neck_gray.jpg",
          "shop_url":"https://example.com/shop/product/51"
       },
       {
          "id":52,
          "category":"Footwear",
          "name":"Running Shoes",
          "brand":"New Balance",
          "color":"Black",
          "size":"9",
          "price":79.99,
          "description":"High-performance black running shoes from New Balance in size 9.",
          "image_url":"https://example.com/images/new_balance_running_black.jpg",
          "shop_url":"https://example.com/shop/product/52"
       },
       {
          "id":53,
          "category":"Perfume",
          "name":"Floral Eau de Parfum",
          "brand":"Chanel",
          "scent":"Floral",
          "gender":"Women",
          "price":89.99,
          "description":"Chanel's signature floral scent for women.",
          "image_url":"https://example.com/images/chanel_floral_perfume.jpg",
          "shop_url":"https://example.com/shop/product/53"
       },
       {
          "id":54,
          "category":"Perfume",
          "name":"Woody Cologne",
          "brand":"Dior",
          "scent":"Woody",
          "gender":"Men",
          "price":74.99,
          "description":"Elegant woody cologne for men by Dior.",
          "image_url":"https://example.com/images/dior_woody_cologne.jpg",
          "shop_url":"https://example.com/shop/product/54"
       },
       {
          "id":55,
          "category":"Purse",
          "name":"Leather Crossbody Bag",
          "brand":"Coach",
          "color":"Brown",
          "occasion":"Everyday",
          "price":129.99,
          "description":"Stylish brown leather crossbody bag for everyday use by Coach.",
          "image_url":"https://example.com/images/coach_crossbody_brown.jpg",
          "shop_url":"https://example.com/shop/product/55"
       },
       {
          "id":56,
          "category":"Purse",
          "name":"Designer Clutch",
          "brand":"Gucci",
          "color":"Black",
          "occasion":"Evening",
          "price":299.99,
          "description":"Elegant black Gucci clutch for special evening occasions.",
          "image_url":"https://example.com/images/gucci_clutch_black.jpg",
          "shop_url":"https://example.com/shop/product/56"
       },
       {
          "id":57,
          "category":"T-shirt",
          "name":"Men's Round Neck T-shirt",
          "brand":"Adidas",
          "color":"Blue",
          "size":"L",
          "price":24.99,
          "description":"Comfortable blue Round Neck T-shirt for men by Adidas, available in large size.",
          "image_url":"https://example.com/images/adidas_round_neck_blue.jpg",
          "shop_url":"https://example.com/shop/product/57"
       },
       {
          "id":58,
          "category":"Footwear",
          "name":"Casual Sneakers",
          "brand":"Converse",
          "color":"Black",
          "size":"9",
          "price":49.99,
          "description":"Classic black casual sneakers by Converse, available in size 9.",
          "image_url":"https://example.com/images/converse_sneakers_black.jpg",
          "shop_url":"https://example.com/shop/product/58"
       },
       {
          "id":59,
          "category":"T-shirt",
          "name":"Women's V-neck T-shirt",
          "brand":"Puma",
          "color":"Pink",
          "size":"M",
          "price":21.99,
          "description":"Stylish pink V-neck T-shirt for women by Puma, available in medium size.",
          "image_url":"https://example.com/images/puma_vneck_pink.jpg",
          "shop_url":"https://example.com/shop/product/59"
       },
       {
          "id":60,
          "category":"Footwear",
          "name":"Running Shoes",
          "brand":"Asics",
          "color":"Blue",
          "size":"11",
          "price":84.99,
          "description":"Performance-oriented blue running shoes from Asics in size 11.",
          "image_url":"https://example.com/images/asics_running_blue.jpg",
          "shop_url":"https://example.com/shop/product/60"
       },
       {
          "id":61,
          "category":"Perfume",
          "name":"Citrus Eau de Toilette",
          "brand":"Calvin Klein",
          "scent":"Citrus",
          "gender":"Unisex",
          "price":59.99,
          "description":"Refreshing citrus scent for both men and women by Calvin Klein.",
          "image_url":"https://example.com/images/calvin_klein_citrus_perfume.jpg",
          "shop_url":"https://example.com/shop/product/61"
       },
       {
          "id":62,
          "category":"Perfume",
          "name":"Spicy Cologne",
          "brand":"Armani",
          "scent":"Spicy",
          "gender":"Men",
          "price":69.99,
          "description":"Bold and spicy cologne for men by Armani.",
          "image_url":"https://example.com/images/armani_spicy_cologne.jpg",
          "shop_url":"https://example.com/shop/product/62"
       },
       {
          "id":63,
          "category":"Purse",
          "name":"Shoulder Bag",
          "brand":"Michael Kors",
          "color":"Red",
          "occasion":"Work",
          "price":189.99,
          "description":"Elegant red shoulder bag for work by Michael Kors.",
          "image_url":"https://example.com/images/michael_kors_shoulder_red.jpg",
          "shop_url":"https://example.com/shop/product/63"
       },
       {
          "id":64,
          "category":"Purse",
          "name":"Designer Tote Bag",
          "brand":"Louis Vuitton",
          "color":"Brown",
          "occasion":"Everyday",
          "price":499.99,
          "description":"Luxurious brown designer tote bag for everyday use by Louis Vuitton.",
          "image_url":"https://example.com/images/louis_vuitton_tote_brown.jpg",
          "shop_url":"https://example.com/shop/product/64"
       },
       {
          "id":65,
          "category":"T-shirt",
          "name":"Men's Polo T-shirt",
          "brand":"Nike",
          "color":"Black",
          "size":"L",
          "price":29.99,
          "description":"Classic Polo T-shirt from Nike in black color, available in large size.",
          "image_url":"https://example.com/images/nike_polo_black.jpg",
          "shop_url":"https://example.com/shop/product/65"
       },
       {
          "id":66,
          "category":"Footwear",
          "name":"Sneakers",
          "brand":"Reebok",
          "color":"White",
          "size":"8",
          "price":59.99,
          "description":"Stylish white sneakers by Reebok, available in size 8.",
          "image_url":"https://example.com/images/reebok_sneakers_white.jpg",
          "shop_url":"https://example.com/shop/product/66"
       },
       {
          "id":67,
          "category":"T-shirt",
          "name":"Women's Round Neck T-shirt",
          "brand":"Adidas",
          "color":"Gray",
          "size":"S",
          "price":19.99,
          "description":"Comfortable gray Round Neck T-shirt for women by Adidas, available in small size.",
          "image_url":"https://example.com/images/adidas_round_neck_gray.jpg",
          "shop_url":"https://example.com/shop/product/67"
       },
       {
          "id":68,
          "category":"Footwear",
          "name":"Running Shoes",
          "brand":"New Balance",
          "color":"Black",
          "size":"9",
          "price":79.99,
          "description":"High-performance black running shoes from New Balance in size 9.",
          "image_url":"https://example.com/images/new_balance_running_black.jpg",
          "shop_url":"https://example.com/shop/product/68"
       },
       {
          "id":69,
          "category":"Perfume",
          "name":"Floral Eau de Parfum",
          "brand":"Chanel",
          "scent":"Floral",
          "gender":"Women",
          "price":89.99,
          "description":"Chanel's signature floral scent for women.",
          "image_url":"https://example.com/images/chanel_floral_perfume.jpg",
          "shop_url":"https://example.com/shop/product/69"
       },
       {
          "id":70,
          "category":"Perfume",
          "name":"Woody Cologne",
          "brand":"Dior",
          "scent":"Woody",
          "gender":"Men",
          "price":74.99,
          "description":"Elegant woody cologne for men by Dior.",
          "image_url":"https://example.com/images/dior_woody_cologne.jpg",
          "shop_url":"https://example.com/shop/product/70"
       },
       {
          "id":71,
          "category":"Purse",
          "name":"Leather Crossbody Bag",
          "brand":"Coach",
          "color":"Brown",
          "occasion":"Everyday",
          "price":129.99,
          "description":"Stylish brown leather crossbody bag for everyday use by Coach.",
          "image_url":"https://example.com/images/coach_crossbody_brown.jpg",
          "shop_url":"https://example.com/shop/product/71"
       },
       {
          "id":72,
          "category":"Purse",
          "name":"Designer Clutch",
          "brand":"Gucci",
          "color":"Black",
          "occasion":"Evening",
          "price":299.99,
          "description":"Elegant black Gucci clutch for special evening occasions.",
          "image_url":"https://example.com/images/gucci_clutch_black.jpg",
          "shop_url":"https://example.com/shop/product/72"
       },
       {
          "id":73,
          "category":"T-shirt",
          "name":"Men's Round Neck T-shirt",
          "brand":"Adidas",
          "color":"Blue",
          "size":"L",
          "price":24.99,
          "description":"Comfortable blue Round Neck T-shirt for men by Adidas, available in large size.",
          "image_url":"https://example.com/images/adidas_round_neck_blue.jpg",
          "shop_url":"https://example.com/shop/product/73"
       },
       {
          "id":74,
          "category":"Footwear",
          "name":"Casual Sneakers",
          "brand":"Converse",
          "color":"Black",
          "size":"9",
          "price":49.99,
          "description":"Classic black casual sneakers by Converse, available in size 9.",
          "image_url":"https://example.com/images/converse_sneakers_black.jpg",
          "shop_url":"https://example.com/shop/product/74"
       },
       {
          "id":75,
          "category":"T-shirt",
          "name":"Women's V-neck T-shirt",
          "brand":"Puma",
          "color":"Pink",
          "size":"M",
          "price":21.99,
          "description":"Stylish pink V-neck T-shirt for women by Puma, available in medium size.",
          "image_url":"https://example.com/images/puma_vneck_pink.jpg",
          "shop_url":"https://example.com/shop/product/75"
       },
       {
          "id":76,
          "category":"Footwear",
          "name":"Running Shoes",
          "brand":"Asics",
          "color":"Blue",
          "size":"11",
          "price":84.99,
          "description":"Performance-oriented blue running shoes from Asics in size 11.",
          "image_url":"https://example.com/images/asics_running_blue.jpg",
          "shop_url":"https://example.com/shop/product/76"
       },
       {
          "id":77,
          "category":"Perfume",
          "name":"Citrus Eau de Toilette",
          "brand":"Calvin Klein",
          "scent":"Citrus",
          "gender":"Unisex",
          "price":59.99,
          "description":"Refreshing citrus scent for both men and women by Calvin Klein.",
          "image_url":"https://example.com/images/calvin_klein_citrus_perfume.jpg",
          "shop_url":"https://example.com/shop/product/77"
       },
       {
          "id":78,
          "category":"Perfume",
          "name":"Spicy Cologne",
          "brand":"Armani",
          "scent":"Spicy",
          "gender":"Men",
          "price":69.99,
          "description":"Bold and spicy cologne for men by Armani.",
          "image_url":"https://example.com/images/armani_spicy_cologne.jpg",
          "shop_url":"https://example.com/shop/product/78"
       },
       {
          "id":79,
          "category":"Purse",
          "name":"Shoulder Bag",
          "brand":"Michael Kors",
          "color":"Red",
          "occasion":"Work",
          "price":189.99,
          "description":"Elegant red shoulder bag for work by Michael Kors.",
          "image_url":"https://example.com/images/michael_kors_shoulder_red.jpg",
          "shop_url":"https://example.com/shop/product/79"
       },
       {
          "id":80,
          "category":"Purse",
          "name":"Designer Tote Bag",
          "brand":"Louis Vuitton",
          "color":"Brown",
          "occasion":"Everyday",
          "price":499.99,
          "description":"Luxurious brown designer tote bag for everyday use by Louis Vuitton.",
          "image_url":"https://example.com/images/louis_vuitton_tote_brown.jpg",
          "shop_url":"https://example.com/shop/product/80"
       },
       {
          "id":81,
          "category":"T-shirt",
          "name":"Men's Polo T-shirt",
          "brand":"Nike",
          "color":"Black",
          "size":"L",
          "price":29.99,
          "description":"Classic Polo T-shirt from Nike in black color, available in large size.",
          "image_url":"https://example.com/images/nike_polo_black.jpg",
          "shop_url":"https://example.com/shop/product/81"
       },
       {
          "id":82,
          "category":"Footwear",
          "name":"Sneakers",
          "brand":"Reebok",
          "color":"White",
          "size":"8",
          "price":59.99,
          "description":"Stylish white sneakers by Reebok, available in size 8.",
          "image_url":"https://example.com/images/reebok_sneakers_white.jpg",
          "shop_url":"https://example.com/shop/product/82"
       },
       {
          "id":83,
          "category":"T-shirt",
          "name":"Women's Round Neck T-shirt",
          "brand":"Adidas",
          "color":"Gray",
          "size":"S",
          "price":19.99,
          "description":"Comfortable gray Round Neck T-shirt for women by Adidas, available in small size.",
          "image_url":"https://example.com/images/adidas_round_neck_gray.jpg",
          "shop_url":"https://example.com/shop/product/83"
       },
       {
          "id":84,
          "category":"Footwear",
          "name":"Running Shoes",
          "brand":"New Balance",
          "color":"Black",
          "size":"9",
          "price":79.99,
          "description":"High-performance black running shoes from New Balance in size 9.",
          "image_url":"https://example.com/images/new_balance_running_black.jpg",
          "shop_url":"https://example.com/shop/product/84"
       },
       {
          "id":85,
          "category":"Perfume",
          "name":"Floral Eau de Parfum",
          "brand":"Chanel",
          "scent":"Floral",
          "gender":"Women",
          "price":89.99,
          "description":"Chanel's signature floral scent for women.",
          "image_url":"https://example.com/images/chanel_floral_perfume.jpg",
          "shop_url":"https://example.com/shop/product/85"
       },
       {
          "id":86,
          "category":"Perfume",
          "name":"Woody Cologne",
          "brand":"Dior",
          "scent":"Woody",
          "gender":"Men",
          "price":74.99,
          "description":"Elegant woody cologne for men by Dior.",
          "image_url":"https://example.com/images/dior_woody_cologne.jpg",
          "shop_url":"https://example.com/shop/product/86"
       },
       {
          "id":87,
          "category":"Purse",
          "name":"Leather Crossbody Bag",
          "brand":"Coach",
          "color":"Brown",
          "occasion":"Everyday",
          "price":129.99,
          "description":"Stylish brown leather crossbody bag for everyday use by Coach.",
          "image_url":"https://example.com/images/coach_crossbody_brown.jpg",
          "shop_url":"https://example.com/shop/product/87"
       },
       {
          "id":88,
          "category":"Purse",
          "name":"Designer Clutch",
          "brand":"Gucci",
          "color":"Black",
          "occasion":"Evening",
          "price":299.99,
          "description":"Elegant black Gucci clutch for special evening occasions.",
          "image_url":"https://example.com/images/gucci_clutch_black.jpg",
          "shop_url":"https://example.com/shop/product/88"
       },
       {
          "id":89,
          "category":"T-shirt",
          "name":"Men's Round Neck T-shirt",
          "brand":"Adidas",
          "color":"Blue",
          "size":"L",
          "price":24.99,
          "description":"Comfortable blue Round Neck T-shirt for men by Adidas, available in large size.",
          "image_url":"https://example.com/images/adidas_round_neck_blue.jpg",
          "shop_url":"https://example.com/shop/product/89"
       },
       {
          "id":90,
          "category":"Footwear",
          "name":"Casual Sneakers",
          "brand":"Converse",
          "color":"Black",
          "size":"9",
          "price":49.99,
          "description":"Classic black casual sneakers by Converse, available in size 9.",
          "image_url":"https://example.com/images/converse_sneakers_black.jpg",
          "shop_url":"https://example.com/shop/product/90"
       },
       {
          "id":91,
          "category":"T-shirt",
          "name":"Women's V-neck T-shirt",
          "brand":"Puma",
          "color":"Pink",
          "size":"M",
          "price":21.99,
          "description":"Stylish pink V-neck T-shirt for women by Puma, available in medium size.",
          "image_url":"https://example.com/images/puma_vneck_pink.jpg",
          "shop_url":"https://example.com/shop/product/91"
       },
       {
          "id":92,
          "category":"Footwear",
          "name":"Running Shoes",
          "brand":"Asics",
          "color":"Blue",
          "size":"11",
          "price":84.99,
          "description":"Performance-oriented blue running shoes from Asics in size 11.",
          "image_url":"https://example.com/images/asics_running_blue.jpg",
          "shop_url":"https://example.com/shop/product/92"
       },
       {
          "id":93,
          "category":"Perfume",
          "name":"Citrus Eau de Toilette",
          "brand":"Calvin Klein",
          "scent":"Citrus",
          "gender":"Unisex",
          "price":59.99,
          "description":"Refreshing citrus scent for both men and women by Calvin Klein.",
          "image_url":"https://example.com/images/calvin_klein_citrus_perfume.jpg",
          "shop_url":"https://example.com/shop/product/93"
       },
       {
          "id":94,
          "category":"Perfume",
          "name":"Spicy Cologne",
          "brand":"Armani",
          "scent":"Spicy",
          "gender":"Men",
          "price":69.99,
          "description":"Bold and spicy cologne for men by Armani.",
          "image_url":"https://example.com/images/armani_spicy_cologne.jpg",
          "shop_url":"https://example.com/shop/product/94"
       },
       {
          "id":95,
          "category":"Purse",
          "name":"Shoulder Bag",
          "brand":"Michael Kors",
          "color":"Red",
          "occasion":"Work",
          "price":189.99,
          "description":"Elegant red shoulder bag for work by Michael Kors.",
          "image_url":"https://example.com/images/michael_kors_shoulder_red.jpg",
          "shop_url":"https://example.com/shop/product/95"
       },
       {
          "id":96,
          "category":"Purse",
          "name":"Designer Tote Bag",
          "brand":"Louis Vuitton",
          "color":"Brown",
          "occasion":"Everyday",
          "price":499.99,
          "description":"Luxurious brown designer tote bag for everyday use by Louis Vuitton.",
          "image_url":"https://example.com/images/louis_vuitton_tote_brown.jpg",
          "shop_url":"https://example.com/shop/product/96"
       },
       {
          "id":97,
          "category":"T-shirt",
          "name":"Men's Polo T-shirt",
          "brand":"Nike",
          "color":"Black",
          "size":"L",
          "price":29.99,
          "description":"Classic Polo T-shirt from Nike in black color, available in large size.",
          "image_url":"https://example.com/images/nike_polo_black.jpg",
          "shop_url":"https://example.com/shop/product/97"
       },
       {
          "id":98,
          "category":"Footwear",
          "name":"Sneakers",
          "brand":"Reebok",
          "color":"White",
          "size":"8",
          "price":59.99,
          "description":"Stylish white sneakers by Reebok, available in size 8.",
          "image_url":"https://example.com/images/reebok_sneakers_white.jpg",
          "shop_url":"https://example.com/shop/product/98"
       },
       {
          "id":99,
          "category":"T-shirt",
          "name":"Women's Round Neck T-shirt",
          "brand":"Adidas",
          "color":"Gray",
          "size":"S",
          "price":19.99,
          "description":"Comfortable gray Round Neck T-shirt for women by Adidas, available in small size.",
          "image_url":"https://example.com/images/adidas_round_neck_gray.jpg",
          "shop_url":"https://example.com/shop/product/99"
       },
       {
          "id":100,
          "category":"Footwear",
          "name":"Running Shoes",
          "brand":"New Balance",
          "color":"Black",
          "size":"9",
          "price":79.99,
          "description":"High-performance black running shoes from New Balance in size 9.",
          "image_url":"https://example.com/images/new_balance_running_black.jpg",
          "shop_url":"https://example.com/shop/product/100"
       }
    ]
 }
 